SpeciesID,CommonName,ScientificName,species_definition,taxonomic_source,taxonomic_id,kingdom,phylum,class,order,family,genus,rank,new_scientificName,new_scientificNameID,new_kingdom,new_phylum,new_class,new_order,new_family,new_genus,new_rank,match_type
A0,Abalone species,Haliotis spp.,"abalone, not identified to species level",WoRMS,138050,Animalia,Mollusca,Gastropoda,Lepetellida,Haliotidae,Haliotis,Genus,Haliotis,138050.0,Animalia,Mollusca,Gastropoda,Lepetellida,Haliotidae,Haliotis,Genus,exact
A1,Red Abalone,Haliotis rufescens,Haliotis rufescens,WoRMS,445357,Animalia,Mollusca,Gastropoda,Lepetellida,Haliotidae,Haliotis,Species,Haliotis rufescens,445357.0,Animalia,Mollusca,Gastropoda,Lepetellida,Haliotidae,Haliotis,Species,exact
A11,Flat Abalone,Haliotis walallensis,Haliotis walallensis,WoRMS,445374,Animalia,Mollusca,Gastropoda,Lepetellida,Haliotidae,Haliotis,Species,Haliotis walallensis,445374.0,Animalia,Mollusca,Gastropoda,Lepetellida,Haliotidae,Haliotis,Species,exact
A12,Pinto Abalone,Haliotis kamtschatkana,Haliotis kamtschatkana,WoRMS,405014,Animalia,Mollusca,Gastropoda,Lepetellida,Haliotidae,Haliotis,Species,Haliotis kamtschatkana,405014.0,Animalia,Mollusca,Gastropoda,Lepetellida,Haliotidae,Haliotis,Species,exact
A13,Green Abalone,Haliotis fulgens,Haliotis fulgens,WoRMS,445325,Animalia,Mollusca,Gastropoda,Lepetellida,Haliotidae,Haliotis,Species,Haliotis fulgens,445325.0,Animalia,Mollusca,Gastropoda,Lepetellida,Haliotidae,Haliotis,Species,exact
A14,Threaded Abalone,Haliotis kamtschatkana,Haliotis kamtschatkana (previously was designated subspecies assimilis),WoRMS,405014,Animalia,Mollusca,Gastropoda,Lepetellida,Haliotidae,Haliotis,Species,Haliotis kamtschatkana,405014.0,Animalia,Mollusca,Gastropoda,Lepetellida,Haliotidae,Haliotis,Species,exact
A15,Pink Abalone,Haliotis corrugata,Haliotis corrugata,WoRMS,445308,Animalia,Mollusca,Gastropoda,Lepetellida,Haliotidae,Haliotis,Species,Haliotis corrugata,445308.0,Animalia,Mollusca,Gastropoda,Lepetellida,Haliotidae,Haliotis,Species,exact
C0,Crab species,Brachyura,"crab, not identified beyond the infraorder level",WoRMS,106673,Animalia,Arthropoda,Malacostraca,Decapoda,,,Infraorder,Brachyura,106673.0,Animalia,Arthropoda,Malacostraca,Decapoda,,,Infraorder,exact
C1,Cancer species,Cancer spp.,"crab, not identified to species level",WoRMS,106876,Animalia,Arthropoda,Malacostraca,Decapoda,Cancridae,Cancer,Genus,Cancer,106876.0,Animalia,Arthropoda,Malacostraca,Decapoda,Cancridae,Cancer,Genus,exact
C11,Red Rock Crab,Cancer productus,Cancer productus,WoRMS,440382,Animalia,Arthropoda,Malacostraca,Decapoda,Cancridae,Cancer,Species,Cancer productus,440382.0,Animalia,Arthropoda,Malacostraca,Decapoda,Cancridae,Cancer,Species,exact
C12,Brown Rock Crab,Romaleon antennarium,Romaleon antennarium,WoRMS,440397,Animalia,Arthropoda,Malacostraca,Decapoda,Cancridae,Romaleon,Species,Romaleon antennarium,440397.0,Animalia,Arthropoda,Malacostraca,Decapoda,Cancridae,Romaleon,Species,exact
C21,Sharpnose Crab,Scyra acutifrons,Scyra acutifrons,WoRMS,441698,Animalia,Arthropoda,Malacostraca,Decapoda,Epialtidae,Scyra,Species,Scyra acutifrons,441698.0,Animalia,Arthropoda,Malacostraca,Decapoda,Epialtidae,Scyra,Species,exact
C22,Graceful Decorator Crab,Oregonia gracilis,Oregonia gracilis,WoRMS,442171,Animalia,Arthropoda,Malacostraca,Decapoda,Oregoniidae,Oregonia,Species,Oregonia gracilis,442171.0,Animalia,Arthropoda,Malacostraca,Decapoda,Oregoniidae,Oregonia,Species,exact
C22.5,Decorator crab (general),Majoidea,"decorator crab, not identified beyond the super family level, Southern CA",WoRMS,106700,Animalia,Arthropoda,Malacostraca,Decapoda,,,Superfamily,Majoidea,106700.0,Animalia,Arthropoda,Malacostraca,Decapoda,,,Superfamily,exact
C23,Porcelain Crab,Petrolisthes spp.,"porcelain crab, not identified to species level",WoRMS,206848,Animalia,Arthropoda,Malacostraca,Decapoda,Porcellanidae,Petrolisthes,Genus,Petrolisthes,206848.0,Animalia,Arthropoda,Malacostraca,Decapoda,Porcellanidae,Petrolisthes,Genus,exact
C3,Kelp Crab,Pugettia spp.,"kelp crab, not identified to species level",WoRMS,240779,Animalia,Arthropoda,Malacostraca,Decapoda,Epialtidae,Pugettia,Genus,Pugettia,240779.0,Animalia,Arthropoda,Malacostraca,Decapoda,Epialtidae,Pugettia,Genus,exact
C31,Northern Kelp Crab,Pugettia producta,Pugettia producta,WoRMS,240780,Animalia,Arthropoda,Malacostraca,Decapoda,Epialtidae,Pugettia,Species,Pugettia producta,240780.0,Animalia,Arthropoda,Malacostraca,Decapoda,Epialtidae,Pugettia,Species,exact
C32,Graceful Kelp Crab,Pugettia gracilis,Pugettia gracilis,WoRMS,441478,Animalia,Arthropoda,Malacostraca,Decapoda,Epialtidae,Pugettia,Species,Pugettia gracilis,441478.0,Animalia,Arthropoda,Malacostraca,Decapoda,Epialtidae,Pugettia,Species,exact
C4,Hermit Crab,Paguroidea,"hermit crab, not identified beyond the super family level",WoRMS,106687,Animalia,Arthropoda,Malacostraca,Decapoda,,,Superfamily,Paguroidea,106687.0,Animalia,Arthropoda,Malacostraca,Decapoda,,,Superfamily,exact
C41,Hermit Crab,Pagurus spp.,"hermit crab, not identified to species level",WoRMS,106854,Animalia,Arthropoda,Malacostraca,Decapoda,Paguridae,Pagurus,Genus,Pagurus,106854.0,Animalia,Arthropoda,Malacostraca,Decapoda,Paguridae,Pagurus,Genus,exact
C5,Shrimp,Decapoda,"shrimp, Dendrobranchiata or Pleocyemata, not identified beyond the suborder level",WoRMS,1130,Animalia,Arthropoda,Malacostraca,Decapoda,,,Order,Decapoda,1130.0,Animalia,Arthropoda,Malacostraca,Decapoda,,,Order,exact
C51,Broken Back Shrimps,Hippolytidae,"broken back shrimp, not identified beyond the family level",WoRMS,106777,Animalia,Arthropoda,Malacostraca,Decapoda,Hippolytidae,,Family,Hippolytidae,106777.0,Animalia,Arthropoda,Malacostraca,Decapoda,Hippolytidae,,Family,exact
C6,Lithoid Crabs,Lithodidae,"lithoid crab, not identified beyond the family level",WoRMS,106737,Animalia,Arthropoda,Malacostraca,Decapoda,Lithodidae,,Family,Lithodidae,106737.0,Animalia,Arthropoda,Malacostraca,Decapoda,Lithodidae,,Family,exact
C61,Heart Crab,Phyllolithodes papillosus,Phyllolithodes papillosus,WoRMS,550606,Animalia,Arthropoda,Malacostraca,Decapoda,Lithodidae,Phyllolithodes,Species,Phyllolithodes papillosus,550606.0,Animalia,Arthropoda,Malacostraca,Decapoda,Lithodidae,Phyllolithodes,Species,exact
C62,Furry Crab,Hapalogaster cavicauda,Hapalogaster cavicauda,WoRMS,590108,Animalia,Arthropoda,Malacostraca,Decapoda,Lithodidae,Hapalogaster,Species,Hapalogaster cavicauda,590108.0,Animalia,Arthropoda,Malacostraca,Decapoda,Lithodidae,Hapalogaster,Species,exact
C71,Purple shore crab,Hemigrapsus nudus,Hemigrapsus nudus,WoRMS,444776,Animalia,Arthropoda,Malacostraca,Decapoda,Varunidae,Hemigrapsus,Species,Hemigrapsus nudus,444776.0,Animalia,Arthropoda,Malacostraca,Decapoda,Varunidae,Hemigrapsus,Species,exact
C72,Lined Shore crab,Pachygrapsus crassipes,Pachygrapsus crassipes,WoRMS,395016,Animalia,Arthropoda,Malacostraca,Decapoda,Grapsidae,Pachygrapsus,Species,Pachygrapsus crassipes,395016.0,Animalia,Arthropoda,Malacostraca,Decapoda,Grapsidae,Pachygrapsus,Species,exact
C8,Sheep Crab,Loxorhynchus grandis,Loxorhynchus grandis,WoRMS,441602,Animalia,Arthropoda,Malacostraca,Decapoda,Epialtidae,Loxorhynchus,Species,Loxorhynchus grandis,441602.0,Animalia,Arthropoda,Malacostraca,Decapoda,Epialtidae,Loxorhynchus,Species,exact
C81,Masking crab,Loxorhynchus crispatus,Loxorhynchus crispatus,WoRMS,441601,Animalia,Arthropoda,Malacostraca,Decapoda,Epialtidae,Loxorhynchus,Species,Loxorhynchus crispatus,441601.0,Animalia,Arthropoda,Malacostraca,Decapoda,Epialtidae,Loxorhynchus,Species,exact
DA1,Dead Red Abalone,Haliotis rufescens,"Haliotus refuscens, sick/dead or empty shells. Code used following the 2011 harmful algal bloom event",WoRMS,445357,Animalia,Mollusca,Gastropoda,Lepetellida,Haliotidae,Haliotis,Species,Haliotis rufescens,445357.0,Animalia,Mollusca,Gastropoda,Lepetellida,Haliotidae,Haliotis,Species,exact
DA11,Dying Red Abalone,Haliotis rufescens,"Unattached Haliotus refuscens, responsive but not attached. After 2017 REAS surveys",WoRMS,445357,Animalia,Mollusca,Gastropoda,Lepetellida,Haliotidae,Haliotis,Species,Haliotis rufescens,445357.0,Animalia,Mollusca,Gastropoda,Lepetellida,Haliotidae,Haliotis,Species,exact
DA12,Dead Red Abalone (with meat),Haliotis rufescens,Haliotus refuscens shell with meat (freshly dead). After 2017 REAS surveys,WoRMS,445357,Animalia,Mollusca,Gastropoda,Lepetellida,Haliotidae,Haliotis,Species,Haliotis rufescens,445357.0,Animalia,Mollusca,Gastropoda,Lepetellida,Haliotidae,Haliotis,Species,exact
DC3,Dead Kelp Crab,Pugettia spp.,Sick/Dead kelp crab not identified beyond the genus level. Code used following the 2011 harmful algal bloom event.,WoRMS,240779,Animalia,Arthropoda,Malacostraca,Decapoda,Epialtidae,Pugettia,Genus,Pugettia,240779.0,Animalia,Arthropoda,Malacostraca,Decapoda,Epialtidae,Pugettia,Genus,exact
DG11,Dead Gumboot Chiton,Cryptochiton stelleri,Sick/Dead gumboot chiton. Code used following the 2011 harmful algal bloom event.,WoRMS,240776,Animalia,Mollusca,Polyplacophora,Chitonida,Acanthochitonidae,Cryptochiton,Species,Cryptochiton stelleri,240776.0,Animalia,Mollusca,Polyplacophora,Chitonida,Acanthochitonidae,Cryptochiton,Species,exact
DS1,Dead Pisaster species,Pisaster spp.,Sick/Dead Pisaster spp. not identified beyond genus level. Code used following the 2011 harmful algal bloom event.,WoRMS,240754,Animalia,Echinodermata,Asteroidea,Forcipulatida,Asteriidae,Pisaster,Genus,Pisaster,240754.0,Animalia,Echinodermata,Asteroidea,Forcipulatida,Asteriidae,Pisaster,Genus,exact
DS2,Dead Solaster species,Solaster spp.,Sick/Dead Solaster spp. not identified beyond genus level. Code used following the 2011 harmful algal bloom event.,WoRMS,123338,Animalia,Echinodermata,Asteroidea,Valvatida,Solasteridae,Solaster,Genus,Solaster,123338.0,Animalia,Echinodermata,Asteroidea,Valvatida,Solasteridae,Solaster,Genus,exact
DS31,Dead Leather Star,Dermasterias imbricata,Sick/Dead leather star. Code used following the 2011 harmful algal bloom event.,WoRMS,240771,Animalia,Echinodermata,Asteroidea,Valvatida,Asteropseidae,Dermasterias,Species,Dermasterias imbricata,240771.0,Animalia,Echinodermata,Asteroidea,Valvatida,Asteropseidae,Dermasterias,Species,exact
DS61,Dead Bat Star,Patiria miniata,Sick/Dead bat star. Code used following the 2011 harmful algal bloom event.,WoRMS,382131,Animalia,Echinodermata,Asteroidea,Valvatida,Asterinidae,Patiria,Species,Patiria miniata,382131.0,Animalia,Echinodermata,Asteroidea,Valvatida,Asterinidae,Patiria,Species,exact
DS81,Dead Rainbow Star,Orthasterias koehleri,Sick/Dead rainbow star. Code used following the 2011 harmful algal bloom event.,WoRMS,255048,Animalia,Echinodermata,Asteroidea,Forcipulatida,Asteriidae,Orthasterias,Species,Orthasterias koehleri,255048.0,Animalia,Echinodermata,Asteroidea,Forcipulatida,Asteriidae,Orthasterias,Species,exact
DS91,Dead Sunflower Star,Pycnopodia helianthoides,Sick/Dead sunflower star. Code used following the 2011 harmful algal bloom event.,WoRMS,240764,Animalia,Echinodermata,Asteroidea,Forcipulatida,Asteriidae,Pycnopodia,Species,Pycnopodia helianthoides,240764.0,Animalia,Echinodermata,Asteroidea,Forcipulatida,Asteriidae,Pycnopodia,Species,exact
DU1,Dead Red Urchin,Strongylocentrotus franciscanus,"red urchin, sick/dead or empty shell. Code used following the 2011 harmful algal bloom event.",WoRMS,591102,Animalia,Echinodermata,Echinoidea,Camarodonta,Strongylocentrotidae,Strongylocentrotus,Species,Strongylocentrotus franciscanus,591102.0,Animalia,Echinodermata,Echinoidea,Camarodonta,Strongylocentrotidae,Strongylocentrotus,Species,exact
DU11,Dead Purple Urchin,Strongylocentrotus purpuratus,"purple urchin, sick/dead or empty shell. Code used following the 2011 harmful algal bloom event.",WoRMS,240747,Animalia,Echinodermata,Echinoidea,Camarodonta,Strongylocentrotidae,Strongylocentrotus,Species,Strongylocentrotus purpuratus,240747.0,Animalia,Echinodermata,Echinoidea,Camarodonta,Strongylocentrotidae,Strongylocentrotus,Species,exact
DU2,Dead Sea Cucumber,Holothuroidea,"sea cucumber not identified beyond class level, sick or dead. Code used following the 2011 harmful algal bloom event.",WoRMS,123083,Animalia,Echinodermata,Holothuroidea,,,,Class,Holothuroidea,123083.0,Animalia,Echinodermata,Holothuroidea,,,,Class,exact
EA1,Empty Red Abalone Shell,Haliotis rufescens,"red abalone, empty shell-no body",WoRMS,445357,Animalia,Mollusca,Gastropoda,Lepetellida,Haliotidae,Haliotis,Species,Haliotis rufescens,445357.0,Animalia,Mollusca,Gastropoda,Lepetellida,Haliotidae,Haliotis,Species,exact
EA11,Empty Flat Abalone Shell,Haliotis walallensis,"flat abalone, empty shell-no body.",WoRMS,445374,Animalia,Mollusca,Gastropoda,Lepetellida,Haliotidae,Haliotis,Species,Haliotis walallensis,445374.0,Animalia,Mollusca,Gastropoda,Lepetellida,Haliotidae,Haliotis,Species,exact
EA12,Empty Pinto Abalone Shell,Haliotis kamtschatkana,"pinto abalone, empty shell-no body.",WoRMS,405014,Animalia,Mollusca,Gastropoda,Lepetellida,Haliotidae,Haliotis,Species,Haliotis kamtschatkana,405014.0,Animalia,Mollusca,Gastropoda,Lepetellida,Haliotidae,Haliotis,Species,exact
EU11,Empty Purple Urchin Test,Strongylocentrotus purpuratus,"purple urchin, empty test.",WoRMS,240747,Animalia,Echinodermata,Echinoidea,Camarodonta,Strongylocentrotidae,Strongylocentrotus,Species,Strongylocentrotus purpuratus,240747.0,Animalia,Echinodermata,Echinoidea,Camarodonta,Strongylocentrotidae,Strongylocentrotus,Species,exact
F1,Sculpin,Cottidae,"sculpin, not identified beyond the family level",WoRMS,125589,Animalia,Chordata,Teleostei,Perciformes,Cottidae,,Family,Cottidae,125589.0,Animalia,Chordata,Teleostei,Perciformes,Cottidae,,Family,exact
F11,Cabezon,Scorpaenichthys marmoratus,Scorpaenichthys marmoratus,WoRMS,282726,Animalia,Chordata,Teleostei,Perciformes,Jordaniidae,Scorpaenichthys,Species,Scorpaenichthys marmoratus,282726.0,Animalia,Chordata,Teleostei,Perciformes,Jordaniidae,Scorpaenichthys,Species,exact
F12,Scorpion Fish,Scorpaena guttata,Scorpaena guttata,WoRMS,274713,Animalia,Chordata,Teleostei,Perciformes,Scorpaenidae,Scorpaena,Species,Scorpaena guttata,274713.0,Animalia,Chordata,Teleostei,Perciformes,Scorpaenidae,Scorpaena,Species,exact
F2,Lingcod,Ophiodon elongatus,Ophiodon elongatus,WoRMS,240745,Animalia,Chordata,Teleostei,Perciformes,Hexagrammidae,Ophiodon,Species,Ophiodon elongatus,240745.0,Animalia,Chordata,Teleostei,Perciformes,Hexagrammidae,Ophiodon,Species,exact
F3,Rockfish,Sebastes spp.,"Rockfish, not identified beyond the genus level",WoRMS,126175,Animalia,Chordata,Teleostei,Perciformes,Sebastidae,Sebastes,Genus,Sebastes,126175.0,Animalia,Chordata,Teleostei,Perciformes,Sebastidae,Sebastes,Genus,exact
F31,Brown Rockfish,Sebastes auriculatus,Sebastes auriculatus,WoRMS,274773,Animalia,Chordata,Teleostei,Perciformes,Sebastidae,Sebastes,Species,Sebastes auriculatus,274773.0,Animalia,Chordata,Teleostei,Perciformes,Sebastidae,Sebastes,Species,exact
F32,Black Rockfish,Sebastes melanops,Sebastes melanops,WoRMS,274817,Animalia,Chordata,Teleostei,Perciformes,Sebastidae,Sebastes,Species,Sebastes melanops,274817.0,Animalia,Chordata,Teleostei,Perciformes,Sebastidae,Sebastes,Species,exact
F33,Copper Rockfish,Sebastes caurinus,Sebastes caurinus,WoRMS,274780,Animalia,Chordata,Teleostei,Perciformes,Sebastidae,Sebastes,Species,Sebastes caurinus,274780.0,Animalia,Chordata,Teleostei,Perciformes,Sebastidae,Sebastes,Species,exact
F34,Gopher Rockfish,Sebastes carnatus,Sebastes carnatus,WoRMS,274779,Animalia,Chordata,Teleostei,Perciformes,Sebastidae,Sebastes,Species,Sebastes carnatus,274779.0,Animalia,Chordata,Teleostei,Perciformes,Sebastidae,Sebastes,Species,exact
F35,Black and Yellow Rockfish,Sebastes chrysomelas,Sebastes chrysomelas,WoRMS,240737,Animalia,Chordata,Teleostei,Perciformes,Sebastidae,Sebastes,Species,Sebastes chrysomelas,240737.0,Animalia,Chordata,Teleostei,Perciformes,Sebastidae,Sebastes,Species,exact
F36,China Rockfish,Sebastes nebulosus,Sebastes nebulosus,WoRMS,274824,Animalia,Chordata,Teleostei,Perciformes,Sebastidae,Sebastes,Species,Sebastes nebulosus,274824.0,Animalia,Chordata,Teleostei,Perciformes,Sebastidae,Sebastes,Species,exact
F37,Blue Rockfish,Sebastes mystinus,Sebastes mystinus,WoRMS,274823,Animalia,Chordata,Teleostei,Perciformes,Sebastidae,Sebastes,Species,Sebastes mystinus,274823.0,Animalia,Chordata,Teleostei,Perciformes,Sebastidae,Sebastes,Species,exact
F38,Treefish,Sebastes serriceps,Sebastes serriceps,WoRMS,274853,Animalia,Chordata,Teleostei,Perciformes,Sebastidae,Sebastes,Species,Sebastes serriceps,274853.0,Animalia,Chordata,Teleostei,Perciformes,Sebastidae,Sebastes,Species,exact
F39,Bocaccio,Sebastes paucispinis,Sebastes paucispinis,WoRMS,274833,Animalia,Chordata,Teleostei,Perciformes,Sebastidae,Sebastes,Species,Sebastes paucispinis,274833.0,Animalia,Chordata,Teleostei,Perciformes,Sebastidae,Sebastes,Species,exact
F4,Surfperch,Embiotocidae,"Surfperch, not identified beyond the family level",WoRMS,151386,Animalia,Chordata,Teleostei,Ovalentaria incertae sedis,Embiotocidae,,Family,Embiotocidae,151386.0,Animalia,Chordata,Teleostei,Ovalentaria incertae sedis,Embiotocidae,,Family,exact
F41,Rubberlip Perch,Rhacochilus toxotes,Rhacochilus toxotes,WoRMS,282575,Animalia,Chordata,Teleostei,Ovalentaria incertae sedis,Embiotocidae,Rhacochilus,Species,Rhacochilus toxotes,282575.0,Animalia,Chordata,Teleostei,Ovalentaria incertae sedis,Embiotocidae,Rhacochilus,Species,exact
F5,Sarcastic Fringehead,Neoclinus stephensae,Neoclinus stephensae,WoRMS,281685,Animalia,Chordata,Teleostei,Blenniiformes,Chaenopsidae,Neoclinus,Species,Neoclinus stephensae,281685.0,Animalia,Chordata,Teleostei,Blenniiformes,Chaenopsidae,Neoclinus,Species,exact
F6,Northern Clingfish,Gobiesox maeandricus,Gobiesox maeandricus,WoRMS,275671,Animalia,Chordata,Teleostei,Gobiesociformes,Gobiesocidae,Gobiesox,Species,Gobiesox maeandricus,275671.0,Animalia,Chordata,Teleostei,Gobiesociformes,Gobiesocidae,Gobiesox,Species,exact
F7,Snail Fish,Liparidae,"snail fish, not identified beyond the family level",WoRMS,234519,Animalia,Chordata,Teleostei,Perciformes,Liparidae,,Family,Liparidae,234519.0,Animalia,Chordata,Teleostei,Perciformes,Liparidae,,Family,exact
F8,Kelp Greenling,Hexagrammos decagrammus,Hexagrammos decagrammus,WoRMS,240732,Animalia,Chordata,Teleostei,Perciformes,Hexagrammidae,Hexagrammos,Species,Hexagrammos decagrammus,240732.0,Animalia,Chordata,Teleostei,Perciformes,Hexagrammidae,Hexagrammos,Species,exact
F81,Rock Greenling,Hexagrammos lagocephalus,Hexagrammos lagocephalus (prior species was superciliosus),WoRMS,240735,Animalia,Chordata,Teleostei,Perciformes,Hexagrammidae,Hexagrammos,Species,Hexagrammos lagocephalus,240735.0,Animalia,Chordata,Teleostei,Perciformes,Hexagrammidae,Hexagrammos,Species,exact
F82,Sheephead,Bodianus pulcher,"Bodianus pulcher, Southern CA (prior genus was Semicossyphus)",WoRMS,1702292,Animalia,Chordata,Teleostei,Eupercaria incertae sedis,Labridae,Bodianus,Species,Bodianus pulcher,1702292.0,Animalia,Chordata,Teleostei,Eupercaria incertae sedis,Labridae,Bodianus,Species,exact
F9,Gunnels,Pholidae,"gunnel, not identified beyond the family level",WoRMS,125550,Animalia,Chordata,Teleostei,Perciformes,Pholidae,,Family,Pholidae,125550.0,Animalia,Chordata,Teleostei,Perciformes,Pholidae,,Family,exact
F91,Monkeyface prickleback,Cebidichthys violaceus,Cebidichthys violaceus,WoRMS,280053,Animalia,Chordata,Teleostei,Perciformes,Cebidichthyidae,Cebidichthys,Species,Cebidichthys violaceus,280053.0,Animalia,Chordata,Teleostei,Perciformes,Cebidichthyidae,Cebidichthys,Species,exact
G1,Chiton,Polyplacophora,"chiton, not identified beyond the class level",WoRMS,55,Animalia,Mollusca,Polyplacophora,,,,Class,Polyplacophora,55.0,Animalia,Mollusca,Polyplacophora,,,,Class,exact
G11,Gumboot Chiton,Cryptochiton stelleri,Cryptochiton stelleri,WoRMS,240776,Animalia,Mollusca,Polyplacophora,Chitonida,Acanthochitonidae,Cryptochiton,Species,Cryptochiton stelleri,240776.0,Animalia,Mollusca,Polyplacophora,Chitonida,Acanthochitonidae,Cryptochiton,Species,exact
G12,Lined Chiton,Tonicella lineata,Tonicella lineata,WoRMS,386441,Animalia,Mollusca,Polyplacophora,Chitonida,Tonicellidae,Tonicella,Species,Tonicella lineata,386441.0,Animalia,Mollusca,Polyplacophora,Chitonida,Tonicellidae,Tonicella,Species,exact
G13,Black chiton,Katharina tunicata,Katharina tunicata,WoRMS,386338,Animalia,Mollusca,Polyplacophora,Chitonida,Mopaliidae,Katharina,Species,Katharina tunicata,386338.0,Animalia,Mollusca,Polyplacophora,Chitonida,Mopaliidae,Katharina,Species,exact
G14,Mossy/Woody chiton,Mopalia spp.,"mossy or woody chiton, not identified beyond the genus level",WoRMS,385567,Animalia,Mollusca,Polyplacophora,Chitonida,Mopaliidae,Mopalia,Genus,Mopalia,385567.0,Animalia,Mollusca,Polyplacophora,Chitonida,Mopaliidae,Mopalia,Genus,exact
G2,Nudibranch,Nudibranchia,"Nudibranch, not identified beyond the family level",WoRMS,1762,Animalia,Mollusca,Gastropoda,Nudibranchia,,,Order,Nudibranchia,1762.0,Animalia,Mollusca,Gastropoda,Nudibranchia,,,Order,exact
G21,Clown Nudibranch,Triopha catalinae,Triopha catalinae (prior species was carpenteri),WoRMS,531258,Animalia,Mollusca,Gastropoda,Nudibranchia,Polyceridae,Triopha,Species,Triopha catalinae,531258.0,Animalia,Mollusca,Gastropoda,Nudibranchia,Polyceridae,Triopha,Species,exact
G22,Sea Lemon Nudibranch,Doris montereyensis,Doris montereyensis (prior genus was Archidoris),WoRMS,581816,Animalia,Mollusca,Gastropoda,Nudibranchia,Dorididae,Doris,Species,Doris montereyensis,581816.0,Animalia,Mollusca,Gastropoda,Nudibranchia,Dorididae,Doris,Species,exact
G23,Opalescent Nudibranch,Hermissenda crassicornis,Hermissenda crassicornis,WoRMS,367883,Animalia,Mollusca,Gastropoda,Nudibranchia,Myrrhinidae,Hermissenda,Species,Hermissenda crassicornis,367883.0,Animalia,Mollusca,Gastropoda,Nudibranchia,Myrrhinidae,Hermissenda,Species,exact
G24,Navanax nudibranch,Navanax inermis,Navanax inermis,WoRMS,367836,Animalia,Mollusca,Gastropoda,Cephalaspidea,Aglajidae,Navanax,Species,Navanax inermis,367836.0,Animalia,Mollusca,Gastropoda,Cephalaspidea,Aglajidae,Navanax,Species,exact
G25,Pleurobranch orange-spot,Aldisa cooperi,Aldisa cooperi,WoRMS,581809,Animalia,Mollusca,Gastropoda,Nudibranchia,Cadlinidae,Aldisa,Species,Aldisa cooperi,581809.0,Animalia,Mollusca,Gastropoda,Nudibranchia,Cadlinidae,Aldisa,Species,exact
G26,Hopkin's Rose nudibranch,Okenia rosacea,Okenia rosacea,WoRMS,599485,Animalia,Mollusca,Gastropoda,Nudibranchia,Goniodorididae,Okenia,Species,Okenia rosacea,1723348.0,Animalia,Mollusca,Gastropoda,Nudibranchia,Goniodorididae,Okenia,Species,exact
G3,Snail,Gastropoda,"sea snail, unidentified beyond the class level",WoRMS,101,Animalia,Mollusca,Gastropoda,,,,Class,Gastropoda,101.0,Animalia,Mollusca,Gastropoda,,,,Class,exact
G30,Turban species,Tegula spp.,"turban snail, not identified beyong the genus level",WoRMS,413467,Animalia,Mollusca,Gastropoda,Trochida,Tegulidae,Tegula,Genus,Tegula,413467.0,Animalia,Mollusca,Gastropoda,Trochida,Tegulidae,Tegula,Genus,exact
G31,Black Turban,Tegula funebralis,Tegula funebralis,WoRMS,534190,Animalia,Mollusca,Gastropoda,Trochida,Tegulidae,Tegula,Species,Tegula funebralis,534190.0,Animalia,Mollusca,Gastropoda,Trochida,Tegulidae,Tegula,Species,exact
G312,Banded Tegula,Tegula eiseni,Tegula eiseni,WoRMS,413469,Animalia,Mollusca,Gastropoda,Trochida,Tegulidae,Tegula,Species,Tegula eiseni,413469.0,Animalia,Mollusca,Gastropoda,Trochida,Tegulidae,Tegula,Species,exact
G313,Queen Tegula,Tegula regina,Tegula regina,WoRMS,534195,Animalia,Mollusca,Gastropoda,Trochida,Tegulidae,Tegula,Species,Tegula regina,534195.0,Animalia,Mollusca,Gastropoda,Trochida,Tegulidae,Tegula,Species,exact
G32,Blue Top Snail,Calliostoma ligatum,Calliostoma ligatum,WoRMS,580412,Animalia,Mollusca,Gastropoda,Trochida,Calliostomatidae,Calliostoma,Species,Calliostoma ligatum,580412.0,Animalia,Mollusca,Gastropoda,Trochida,Calliostomatidae,Calliostoma,Species,exact
G33,Leafy Hornmouth,Ceratostoma foliatum,Ceratostoma foliatum,WoRMS,240767,Animalia,Mollusca,Gastropoda,Neogastropoda,Muricidae,Ceratostoma,Species,Ceratostoma foliatum,240767.0,Animalia,Mollusca,Gastropoda,Neogastropoda,Muricidae,Ceratostoma,Species,exact
G331,Predatory snail,Buccinidae,Buccinidae,WoRMS,149,Animalia,Mollusca,Gastropoda,Neogastropoda,Buccinidae,,Family,Buccinidae,149.0,Animalia,Mollusca,Gastropoda,Neogastropoda,Buccinidae,,Family,exact
G332,Ida's Miter,Atrimitra idae,Atrimitra idae(proir species was Mitra),WoRMS,1074819,Animalia,Mollusca,Gastropoda,Neogastropoda,Mitridae,Mitra,Species,Atrimitra idae,1074819.0,Animalia,Mollusca,Gastropoda,Neogastropoda,Mitridae,Atrimitra,Species,exact
G333,California cone,Californiconus californicus,Californiconus californicus (prior species was Conus),WoRMS,581058,Animalia,Mollusca,Gastropoda,Neogastropoda,Conidae,Conus,Species,Californiconus californicus,581058.0,Animalia,Mollusca,Gastropoda,Neogastropoda,Conidae,Californiconus,Species,exact
G335,Gem Murex,Maxwellia gemma,Maxwellia gemma,WoRMS,408591,Animalia,Mollusca,Gastropoda,Neogastropoda,Muricidae,Maxwellia,Species,Maxwellia gemma,408591.0,Animalia,Mollusca,Gastropoda,Neogastropoda,Muricidae,Maxwellia,Species,exact
G34,Brown turban snail,Tegula brunnea,Tegula brunnea,WoRMS,534187,Animalia,Mollusca,Gastropoda,Trochida,Tegulidae,Tegula,Species,Tegula brunnea,534187.0,Animalia,Mollusca,Gastropoda,Trochida,Tegulidae,Tegula,Species,exact
G35,Chestnut Cowrie,Neobernaya spadicea,"Neobernaya spadicea, Southern CA",WoRMS,580674,Animalia,Mollusca,Gastropoda,Littorinimorpha,Cypraeidae,Neobernaya,Species,Neobernaya spadicea,580674.0,Animalia,Mollusca,Gastropoda,Littorinimorpha,Cypraeidae,Neobernaya,Species,exact
G351,Rigid Cowrie,Cypraea tigris,"Cypraea tigris, Southern CA",WoRMS,216843,Animalia,Mollusca,Gastropoda,Littorinimorpha,Cypraeidae,Cypraea,Species,Cypraea tigris,216843.0,Animalia,Mollusca,Gastropoda,Littorinimorpha,Cypraeidae,Cypraea,Species,exact
G352,Olive Cowrie,Callianax biplicata,"Callianax biplicata, Southern CA",WoRMS,1424883,Animalia,Mollusca,Gastropoda,Neogastropoda,Olividae,Callianax,Species,Callianax biplicata,1424883.0,Animalia,Mollusca,Gastropoda,Neogastropoda,Olividae,Callianax,Species,exact
G353,Coffee Bean Cowrie,Pseudopusula californiana,Pseudopusula californiana,WoRMS,833539,Animalia,Mollusca,Gastropoda,Littorinimorpha,Triviidae,Pseudopusula,Species,Pseudopusula californiana,833539.0,Animalia,Mollusca,Gastropoda,Littorinimorpha,Triviidae,Pseudopusula,Species,exact
G36,Kellet's Whelk,Kelletia kelletii,"Kelletia kelletii, Southern CA",WoRMS,491054,Animalia,Mollusca,Gastropoda,Neogastropoda,Austrosiphonidae,Kelletia,Species,Kelletia kelletii,491054.0,Animalia,Mollusca,Gastropoda,Neogastropoda,Austrosiphonidae,Kelletia,Species,exact
G362,Whelk species,Buccinidae,"whelk, not identified beyond the family level",WoRMS,149,Animalia,Mollusca,Gastropoda,Neogastropoda,Buccinidae,,Family,Buccinidae,149.0,Animalia,Mollusca,Gastropoda,Neogastropoda,Buccinidae,,Family,exact
G37,Wavy Turban Snail,Megastraea undosa,"Megastraea undosa, Southern CA",WoRMS,528084,Animalia,Mollusca,Gastropoda,Trochida,Turbinidae,Megastraea,Species,Megastraea undosa,528084.0,Animalia,Mollusca,Gastropoda,Trochida,Turbinidae,Megastraea,Species,exact
G377,Norris' Top Snail,Norrisia norrisii,Norrisia norrisii,WoRMS,534181,Animalia,Mollusca,Gastropoda,Trochida,Tegulidae,Norrisia,Species,Norrisia norrisii,534181.0,Animalia,Mollusca,Gastropoda,Trochida,Tegulidae,Norrisia,Species,exact
G38,Nuttall's Hornmouth,Ceratostoma nuttalli,"Ceratostoma nuttalli, Southern CA",WoRMS,403965,Animalia,Mollusca,Gastropoda,Neogastropoda,Muricidae,Ceratostoma,Species,Ceratostoma nuttalli,403965.0,Animalia,Mollusca,Gastropoda,Neogastropoda,Muricidae,Ceratostoma,Species,exact
G39,California Frog Shell,Crossata californica,"Crossata californica, Southern CA (prior genus was Bursa)",WoRMS,580701,Animalia,Mollusca,Gastropoda,Littorinimorpha,Bursidae,Crossata,Species,Crossata californica,580701.0,Animalia,Mollusca,Gastropoda,Littorinimorpha,Bursidae,Crossata,Species,exact
G4,Limpet,Gastropoda,"limpet, unidentified beyond the class level",WoRMS,101,Animalia,Mollusca,Gastropoda,,,,Class,Gastropoda,101.0,Animalia,Mollusca,Gastropoda,,,,Class,exact
G41,White Cap Limpet,Acmaea mitra,Acmaea mitra,WoRMS,456582,Animalia,Mollusca,Gastropoda,,Acmaeidae,Acmaea,Species,Acmaea mitra,456582.0,Animalia,Mollusca,Gastropoda,,Acmaeidae,Acmaea,Species,exact
G42,Owl Limpet,Lottia gigantea,Lottia gigantea,WoRMS,456593,Animalia,Mollusca,Gastropoda,,Lottiidae,Lottia,Species,Lottia gigantea,456593.0,Animalia,Mollusca,Gastropoda,,Lottiidae,Lottia,Species,exact
G43,Keyhole Limpet,Megathura crenulata,Megathura crenulata,WoRMS,527885,Animalia,Mollusca,Gastropoda,Lepetellida,Fissurellidae,Megathura,Species,Megathura crenulata,527885.0,Animalia,Mollusca,Gastropoda,Lepetellida,Fissurellidae,Megathura,Species,exact
G44,Keyhole Limpet (Rough),Diodora aspera,Diodora aspera,WoRMS,367955,Animalia,Mollusca,Gastropoda,Lepetellida,Fissurellidae,Diodora,Species,Diodora aspera,367955.0,Animalia,Mollusca,Gastropoda,Lepetellida,Fissurellidae,Diodora,Species,exact
G5,Octopus,Octopoda,"octopus, not identified beyond the order level",WoRMS,11718,Animalia,Mollusca,Cephalopoda,Octopoda,,,Order,Octopoda,11718.0,Animalia,Mollusca,Cephalopoda,Octopoda,,,Order,exact
G51,Two-Spot Octopus,Octopus bimaculoides,Octopus bimaculoides,WoRMS,341952,Animalia,Mollusca,Cephalopoda,Octopoda,Octopodidae,Octopus,Species,Octopus bimaculoides,341952.0,Animalia,Mollusca,Cephalopoda,Octopoda,Octopodidae,Octopus,Species,exact
G6,Scallop species,Pectinidae,"scallop, not identified beyond the family level",WoRMS,213,Animalia,Mollusca,Bivalvia,Pectinida,Pectinidae,,Family,Pectinidae,213.0,Animalia,Mollusca,Bivalvia,Pectinida,Pectinidae,,Family,exact
G61,Pink Scallop,Chlamys rubida,Chlamys rubida,WoRMS,254460,Animalia,Mollusca,Bivalvia,Pectinida,Pectinidae,Chlamys,Species,Chlamys rubida,254460.0,Animalia,Mollusca,Bivalvia,Pectinida,Pectinidae,Chlamys,Species,exact
G62,Rock Scallop,Crassadoma gigantea,Crassadoma gigantea,WoRMS,240774,Animalia,Mollusca,Bivalvia,Pectinida,Pectinidae,Crassadoma,Species,Crassadoma gigantea,240774.0,Animalia,Mollusca,Bivalvia,Pectinida,Pectinidae,Crassadoma,Species,exact
G71,Abalone Jingle,Pododesmus macrochisma,Pododesmus macrochisma (prior species was cepio),WoRMS,758426,Animalia,Mollusca,Bivalvia,Pectinida,Anomiidae,Pododesmus,Species,Pododesmus macrochisma,758426.0,Animalia,Mollusca,Bivalvia,Pectinida,Anomiidae,Pododesmus,Species,exact
G81,Sea Hare,Aplysiida,"sea hare, not identified beyond the clade level in the subclass Heterobranchia",WoRMS,1058953,Animalia,Mollusca,Gastropoda,Aplysiida,,,Order,Aplysiida,1058953.0,Animalia,Mollusca,Gastropoda,Aplysiida,,,Order,exact
K11,Bull Kelp,Nereocystis luetkeana,"Nereocystis luetkeana, fully developed",WoRMS,240752,Chromista,Ochrophyta,Phaeophyceae,Laminariales,Laminariaceae,Nereocystis,Species,Nereocystis luetkeana,240752.0,Chromista,Ochrophyta,Phaeophyceae,Laminariales,Laminariaceae,Nereocystis,Species,exact
K112,Bull Kelp Juvenile,Nereocystis luetkeana,"Nereocystis luetkeana, juvenile, not fully developed",WoRMS,240752,Chromista,Ochrophyta,Phaeophyceae,Laminariales,Laminariaceae,Nereocystis,Species,Nereocystis luetkeana,240752.0,Chromista,Ochrophyta,Phaeophyceae,Laminariales,Laminariaceae,Nereocystis,Species,exact
K12,Laminarian Kelp,Laminariaceae,"laminarian kelp, not identified beyond the family level",WoRMS,143755,Chromista,Ochrophyta,Phaeophyceae,Laminariales,Laminariaceae,,Family,Laminariaceae,143755.0,Chromista,Ochrophyta,Phaeophyceae,Laminariales,Laminariaceae,,Family,exact
K18,Gastroclonium,Gastroclonium spp.,"red algae species, not identified beyond the genus level",WoRMS,144239,Plantae,Rhodophyta,Florideophyceae,Rhodymeniales,Champiaceae,Gastroclonium,Genus,Gastroclonium,144239.0,Plantae,Rhodophyta,Florideophyceae,Rhodymeniales,Champiaceae,Gastroclonium,Genus,exact
L1,Spiny Lobster,Panulirus interruptus,"Panulirus interruptus, Southern CA species",WoRMS,382898,Animalia,Arthropoda,Malacostraca,Decapoda,Palinuridae,Panulirus,Species,Panulirus interruptus,382898.0,Animalia,Arthropoda,Malacostraca,Decapoda,Palinuridae,Panulirus,Species,exact
N1,Sea Anemone,Actiniaria,order level,WoRMS,1360,Animalia,Cnidaria,Anthozoa,Actiniaria,,,Order,Actiniaria,1360.0,Animalia,Cnidaria,Anthozoa,Actiniaria,,,Order,exact
N11,Urticina Anemone,Urticina spp.,genus level,WoRMS,100706,Animalia,Cnidaria,Anthozoa,Actiniaria,Actiniidae,Urticina,Genus,Urticina,100706.0,Animalia,Cnidaria,Anthozoa,Actiniaria,Actiniidae,Urticina,Genus,exact
N12,Tube-Dwelling Anemone,Pachycerianthus fimbriatus,Pachycerianthus fimbriatus,WoRMS,283820,Animalia,Cnidaria,Anthozoa,Spirularia,Cerianthidae,Pachycerianthus,Species,Pachycerianthus fimbriatus,283820.0,Animalia,Cnidaria,Anthozoa,Spirularia,Cerianthidae,Pachycerianthus,Species,exact
N2,Bryozoan,Bryozoa,phylum level,WoRMS,146142,Animalia,Bryozoa,,,,,Phylum,Bryozoa,146142.0,Animalia,Bryozoa,,,,,Phylum,exact
N3,Hydroid,Hydrozoa,"hydrozoans, not identified beyond the class level",WoRMS,1337,Animalia,Cnidaria,Hydrozoa,,,,Class,Hydrozoa,1337.0,Animalia,Cnidaria,Hydrozoa,,,,Class,exact
P1,Sponge,Porifera,"sponge, not identified beyond the phylum level",WoRMS,558,Animalia,Porifera,,,,,Phylum,Porifera,558.0,Animalia,Porifera,,,,,Phylum,exact
P12,Sponge,Cliona spp.,"sponge, not identified beyond the genus level",WoRMS,132026,Animalia,Porifera,Demospongiae,Clionaida,Clionaidae,Cliona,Genus,Cliona,132026.0,Animalia,Porifera,Demospongiae,Clionaida,Clionaidae,Cliona,Genus,exact
P13,Orange Puffball Sponge,Tethya aurantium,Tethya aurantium (prior species was arantia),WoRMS,134311,Animalia,Porifera,Demospongiae,Tethyida,Tethyidae,Tethya,Species,Tethya aurantium,134311.0,Animalia,Porifera,Demospongiae,Tethyida,Tethyidae,Tethya,Species,exact
P14,Grey Puff Ball Sponge,Craniella arb,Craniella arb,WoRMS,171324,Animalia,Porifera,Demospongiae,Tetractinellida,Tetillidae,Craniella,Species,Craniella arb,171324.0,Animalia,Porifera,Demospongiae,Tetractinellida,Tetillidae,Craniella,Species,exact
S0,Seastars,Asteroidea,"seastar, not identified beyond the class level",WoRMS,123080,Animalia,Echinodermata,Asteroidea,,,,Class,Asteroidea,123080.0,Animalia,Echinodermata,Asteroidea,,,,Class,exact
S1,Pisaster species,Pisaster spp.,"Pisaster spp., not identified beyond the genus level",WoRMS,240754,Animalia,Echinodermata,Asteroidea,Forcipulatida,Asteriidae,Pisaster,Genus,Pisaster,240754.0,Animalia,Echinodermata,Asteroidea,Forcipulatida,Asteriidae,Pisaster,Genus,exact
S11,Ochre Star,Pisaster ochraceus,Pisaster ochraceus,WoRMS,240755,Animalia,Echinodermata,Asteroidea,Forcipulatida,Asteriidae,Pisaster,Species,Pisaster ochraceus,240755.0,Animalia,Echinodermata,Asteroidea,Forcipulatida,Asteriidae,Pisaster,Species,exact
S12,Giant Spined Star,Pisaster giganteus,Pisaster giganteus,WoRMS,240758,Animalia,Echinodermata,Asteroidea,Forcipulatida,Asteriidae,Pisaster,Species,Pisaster giganteus,240758.0,Animalia,Echinodermata,Asteroidea,Forcipulatida,Asteriidae,Pisaster,Species,exact
S13,Short Spined Star,Pisaster brevispinus,Pisaster brevispinus,WoRMS,240757,Animalia,Echinodermata,Asteroidea,Forcipulatida,Asteriidae,Pisaster,Species,Pisaster brevispinus,240757.0,Animalia,Echinodermata,Asteroidea,Forcipulatida,Asteriidae,Pisaster,Species,exact
S2,Solaster species,Solaster spp.,"Solaster spp., not identified beyond the genus level",WoRMS,123338,Animalia,Echinodermata,Asteroidea,Valvatida,Solasteridae,Solaster,Genus,Solaster,123338.0,Animalia,Echinodermata,Asteroidea,Valvatida,Solasteridae,Solaster,Genus,exact
S22,Stimpson's Sun Star,Solaster stimpsoni,Solaster stimpsoni,WoRMS,292729,Animalia,Echinodermata,Asteroidea,Valvatida,Solasteridae,Solaster,Species,Solaster stimpsoni,292729.0,Animalia,Echinodermata,Asteroidea,Valvatida,Solasteridae,Solaster,Species,exact
S31,Leather Star,Dermasterias imbricata,Dermasterias imbricata,WoRMS,240771,Animalia,Echinodermata,Asteroidea,Valvatida,Asteropseidae,Dermasterias,Species,Dermasterias imbricata,240771.0,Animalia,Echinodermata,Asteroidea,Valvatida,Asteropseidae,Dermasterias,Species,exact
S41,Blood Star,Henricia leviuscula,Henricia leviuscula,WoRMS,369117,Animalia,Echinodermata,Asteroidea,Spinulosida,Echinasteridae,Henricia,Species,Henricia leviuscula,369117.0,Animalia,Echinodermata,Asteroidea,Spinulosida,Echinasteridae,Henricia,Species,exact
S51,Fish-Eating Star (velcro star),Stylasterias forreri,Stylasterias forreri,WoRMS,255062,Animalia,Echinodermata,Asteroidea,Forcipulatida,Asteriidae,Stylasterias,Species,Stylasterias forreri,255062.0,Animalia,Echinodermata,Asteroidea,Forcipulatida,Asteriidae,Stylasterias,Species,exact
S61,Bat Star,Patiria miniata,previous genus was Asterina,WoRMS,382131,Animalia,Echinodermata,Asteroidea,Valvatida,Asterinidae,Patiria,Species,Patiria miniata,382131.0,Animalia,Echinodermata,Asteroidea,Valvatida,Asterinidae,Patiria,Species,exact
S71,False Ochre Star,Evasterias troschelii,Evasterias troschelii,WoRMS,255040,Animalia,Echinodermata,Asteroidea,Forcipulatida,Asteriidae,Evasterias,Species,Evasterias troschelii,255040.0,Animalia,Echinodermata,Asteroidea,Forcipulatida,Asteriidae,Evasterias,Species,exact
S81,Rainbow Star,Orthasterias koehleri,Orthasterias koehleri,WoRMS,255048,Animalia,Echinodermata,Asteroidea,Forcipulatida,Asteriidae,Orthasterias,Species,Orthasterias koehleri,255048.0,Animalia,Echinodermata,Asteroidea,Forcipulatida,Asteriidae,Orthasterias,Species,exact
S91,Sunflower Star,Pycnopodia helianthoides,Pycnopodia helianthoides,WoRMS,240764,Animalia,Echinodermata,Asteroidea,Forcipulatida,Asteriidae,Pycnopodia,Species,Pycnopodia helianthoides,240764.0,Animalia,Echinodermata,Asteroidea,Forcipulatida,Asteriidae,Pycnopodia,Species,exact
S921,Six-Rayed Star,Leptasterias hexactis,Leptasterias hexactis,WoRMS,369177,Animalia,Echinodermata,Asteroidea,Forcipulatida,Asteriidae,Leptasterias,Species,Leptasterias hexactis,369177.0,Animalia,Echinodermata,Asteroidea,Forcipulatida,Asteriidae,Leptasterias,Species,exact
S931,Mottled Star,Evasterias troschelii,Evasterias troschelii,WoRMS,255040,Animalia,Echinodermata,Asteroidea,Forcipulatida,Asteriidae,Evasterias,Species,Evasterias troschelii,255040.0,Animalia,Echinodermata,Asteroidea,Forcipulatida,Asteriidae,Evasterias,Species,exact
S981,Comet Star,Linckia columbiae,Linckia columbiae,WoRMS,378630,Animalia,Echinodermata,Asteroidea,Valvatida,Ophidiasteridae,Linckia,Species,Linckia columbiae,378630.0,Animalia,Echinodermata,Asteroidea,Valvatida,Ophidiasteridae,Linckia,Species,exact
S991,Brittle Star,Ophiopteris papillosa,Ophiopteris papillosa,WoRMS,244022,Animalia,Echinodermata,Ophiuroidea,Ophiacanthida,Ophiopteridae,Ophiopteris,Species,Ophiopteris papillosa,244022.0,Animalia,Echinodermata,Ophiuroidea,Ophiacanthida,Ophiopteridae,Ophiopteris,Species,exact
T1,Tunicate,Tunicata,"tunicate, not identified beyond the subphylum level",WoRMS,146420,Animalia,Chordata,,,,,Subphylum,Tunicata,146420.0,Animalia,Chordata,,,,,Subphylum,exact
T12,Spiny-headed Tunicate,Boltenia villosa,Boltenia villosa,WoRMS,250073,Animalia,Chordata,Ascidiacea,Stolidobranchia,Pyuridae,Boltenia,Species,Boltenia villosa,250073.0,Animalia,Chordata,Ascidiacea,Stolidobranchia,Pyuridae,Boltenia,Species,exact
T13,Pink Tunicate (Solitary),Cnemidocarpa finmarkiensis,Cnemidocarpa finmarkiensis,WoRMS,103870,Animalia,Chordata,Ascidiacea,Stolidobranchia,Styelidae,Cnemidocarpa,Species,Cnemidocarpa finmarkiensis,103870.0,Animalia,Chordata,Ascidiacea,Stolidobranchia,Styelidae,Cnemidocarpa,Species,exact
T14,Clear Tunicate (Solitary),Corella willmeriana,Corella willmeriana,WoRMS,250378,Animalia,Chordata,Ascidiacea,Phlebobranchia,Corellidae,Corella,Species,Corella willmeriana,250378.0,Animalia,Chordata,Ascidiacea,Phlebobranchia,Corellidae,Corella,Species,exact
T15,Stalked Tunicate,Styela montereyensis,Styela montereyensis,WoRMS,240756,Animalia,Chordata,Ascidiacea,Stolidobranchia,Styelidae,Styela,Species,Styela montereyensis,240756.0,Animalia,Chordata,Ascidiacea,Stolidobranchia,Styelidae,Styela,Species,exact
U0,Urchin,Echinoidea,"urchin, not identified beyond the class level",WoRMS,123082,Animalia,Echinodermata,Echinoidea,,,,Class,Echinoidea,123082.0,Animalia,Echinodermata,Echinoidea,,,,Class,exact
U1,Red Urchin,Strongylocentrotus franciscanus,Strongylocentrotus franciscanus,WoRMS,591102,Animalia,Echinodermata,Echinoidea,Camarodonta,Strongylocentrotidae,Strongylocentrotus,Species,Strongylocentrotus franciscanus,591102.0,Animalia,Echinodermata,Echinoidea,Camarodonta,Strongylocentrotidae,Strongylocentrotus,Species,exact
U11,Purple Urchin,Strongylocentrotus purpuratus,Strongylocentrotus purpuratus,WoRMS,240747,Animalia,Echinodermata,Echinoidea,Camarodonta,Strongylocentrotidae,Strongylocentrotus,Species,Strongylocentrotus purpuratus,240747.0,Animalia,Echinodermata,Echinoidea,Camarodonta,Strongylocentrotidae,Strongylocentrotus,Species,exact
U12,Coronado (Crowned Black) Urchin,Centrostephanus coronatus,"Centrostephanus coronatus, Southern CA species",WoRMS,513165,Animalia,Echinodermata,Echinoidea,Diadematoida,Diadematidae,Centrostephanus,Species,Centrostephanus coronatus,513165.0,Animalia,Echinodermata,Echinoidea,Diadematoida,Diadematidae,Centrostephanus,Species,exact
U13,White Urchin,Lytechinus pictus,"Lytechinus pictus, Southern CA species (prior species was anamesus)",WoRMS,513378,Animalia,Echinodermata,Echinoidea,Camarodonta,Toxopneustidae,Lytechinus,Species,Lytechinus pictus,513378.0,Animalia,Echinodermata,Echinoidea,Camarodonta,Toxopneustidae,Lytechinus,Species,exact
U14,Heart Urchin,Spatangoida spp.,"heart urchin, not identified beyond the genus level",WoRMS,123106,Animalia,Echinodermata,Echinoidea,Spatangoida,,,Order,Spatangoida,123106.0,Animalia,Echinodermata,Echinoidea,Spatangoida,,,Order,exact
U15,Black Urchin,Arbacia stellata,Arbacia stellata,WoRMS,513125,Animalia,Echinodermata,Echinoidea,Arbacioida,Arbaciidae,Arbacia,Species,Arbacia stellata,513125.0,Animalia,Echinodermata,Echinoidea,Arbacioida,Arbaciidae,Arbacia,Species,exact
U2,Sea Cucumber,Holothuroidea,"sea cucumber, not identified beyond the class level",WoRMS,123083,Animalia,Echinodermata,Holothuroidea,,,,Class,Holothuroidea,123083.0,Animalia,Echinodermata,Holothuroidea,,,,Class,exact
U21,Giant Red Sea Cucumber,Apostichopus californicus,Apostichopus californicus (prior species was Parastichopus),WoRMS,529363,Animalia,Echinodermata,Holothuroidea,Synallactida,Stichopodidae,Apostichopus,Species,Apostichopus californicus,529363.0,Animalia,Echinodermata,Holothuroidea,Synallactida,Stichopodidae,Apostichopus,Species,exact
U22,White Sea Cucumber,Eupentacta quinquesemita,Eupentacta quinquesemita,WoRMS,529305,Animalia,Echinodermata,Holothuroidea,Dendrochirotida,Sclerodactylidae,Eupentacta,Species,Eupentacta quinquesemita,529305.0,Animalia,Echinodermata,Holothuroidea,Dendrochirotida,Sclerodactylidae,Eupentacta,Species,exact
U23,Warty Sea Cucumber,Apostichopus parvimensis,Apostichopus parvimensis,WoRMS,529435,Animalia,Echinodermata,Holothuroidea,Synallactida,Stichopodidae,Apostichopus,Species,Apostichopus parvimensis,529435.0,Animalia,Echinodermata,Holothuroidea,Synallactida,Stichopodidae,Apostichopus,Species,exact
U24,Pseudocnus (Cucumeria) spp.,Pseudocnus lubricus,previous genus was Cucumeria,WoRMS,529633,Animalia,Echinodermata,Holothuroidea,Dendrochirotida,Cucumariidae,Pseudocnus,Species,Pseudocnus lubricus,529633.0,Animalia,Echinodermata,Holothuroidea,Dendrochirotida,Cucumariidae,Pseudocnus,Species,exact
U25,Orange Sea Cucumber,Cucumaria miniata,Cucumaria miniata,WoRMS,225807,Animalia,Echinodermata,Holothuroidea,Dendrochirotida,Cucumariidae,Cucumaria,Species,Cucumaria miniata,225807.0,Animalia,Echinodermata,Holothuroidea,Dendrochirotida,Cucumariidae,Cucumaria,Species,exact
W1,Polychaete Worm,Polychaeta,"polychate worm, not identified beyond the class level",WoRMS,883,Animalia,Annelida,Polychaeta,,,,Class,Polychaeta,883.0,Animalia,Annelida,Polychaeta,,,,Class,exact
W2,Nereid Worm,Nereis spp.,"nereid worm, not identified beyond the genus level",WoRMS,129379,Animalia,Annelida,Polychaeta,Phyllodocida,Nereididae,Nereis,Genus,Nereis,129379.0,Animalia,Annelida,Polychaeta,Phyllodocida,Nereididae,Nereis,Genus,exact
W21,Fire Worm,Polychaeta,"fire worm, not identified beyond the class level",WoRMS,883,Animalia,Annelida,Polychaeta,,,,Class,Polychaeta,883.0,Animalia,Annelida,Polychaeta,,,,Class,exact
W3,Flatworm,Platyhelminthes,"flatworm, not identified beyond the phylum level",WoRMS,793,Animalia,Platyhelminthes,,,,,Phylum,Platyhelminthes,793.0,Animalia,Platyhelminthes,,,,,Phylum,exact
W4,Ribbon Worm,Nemertea,"ribbon worm, not identified beyond the phylum level",WoRMS,152391,Animalia,Nemertea,,,,,Phylum,Nemertea,152391.0,Animalia,Nemertea,,,,,Phylum,exact
Wh1,Whelk species,Buccinidae,"whelk, not identified beyond the family level",WoRMS,149,Animalia,Mollusca,Gastropoda,Neogastropoda,Buccinidae,,Family,Buccinidae,149.0,Animalia,Mollusca,Gastropoda,Neogastropoda,Buccinidae,,Family,exact
WS1,Wasting Star,Asteroidea,"starfish, shriveled, wasted animal. Code used after the 2013 seastar wasting event.",WoRMS,123080,Animalia,Echinodermata,Asteroidea,,,,Class,Asteroidea,123080.0,Animalia,Echinodermata,Asteroidea,,,,Class,exact
WS4,Wasting Bat Star,Patiria miniata,"bat star, shriveled, wasted animal. Code used after the 2013 seastar wasting event.",WoRMS,382131,Animalia,Echinodermata,Asteroidea,Valvatida,Asterinidae,Patiria,Species,Patiria miniata,382131.0,Animalia,Echinodermata,Asteroidea,Valvatida,Asterinidae,Patiria,Species,exact
X11,Aggregating anemone,Anthopleura elegantisima,Anthopleura elegantisima,WoRMS,283347,Animalia,Cnidaria,Anthozoa,Actiniaria,Actiniidae,Anthopleura,Species,Anthopleura elegantisima,283347.0,Animalia,Cnidaria,Anthozoa,Actiniaria,Actiniidae,Anthopleura,Species,exact
X12,Solitary anemone,Anthopleura xanthogrammica,Anthopleura xanthogrammica,WoRMS,283377,Animalia,Cnidaria,Anthozoa,Actiniaria,Actiniidae,Anthopleura,Species,Anthopleura xanthogrammica,283377.0,Animalia,Cnidaria,Anthozoa,Actiniaria,Actiniidae,Anthopleura,Species,exact
